year,month,gender,births
1969,1,F,143704
1969,1,M,150172
1969,2,F,132218
1969,2,M,138316
1969,3,F,144020
1969,3,M,152416
1969,4,F,137182
1969,4,M,145288
1969,5,F,140864
1969,5,M,148154
1969,6,F,141830
1969,6,M,149618
1969,7,F,154590
1969,7,M,163698
1969,8,F,155802
1969,8,M,165120
1969,9,F,152292
1969,9,M,160152
1969,10,F,151686
1969,10,M,160190
1969,11,F,144870
1969,11,M,151972
1969,12,F,153778
1969,12,M,160646
1970,1,F,146670
1970,1,M,155470
1970,2,F,137660
1970,2,M,143522
1970,3,F,149098
1970,3,M,158110
1970,4,F,139928
1970,4,M,146996
1970,5,F,144864
1970,5,M,153132
1970,6,F,147674
1970,6,M,155488
1970,7,F,159766
1970,7,M,170460
1970,8,F,160686
1970,8,M,170428
1970,9,F,161142
1970,9,M,171050
1970,10,F,158542
1970,10,M,165344
1970,11,F,151048
1970,11,M,158254
1970,12,F,160484
1970,12,M,168790
1971,1,F,152274
1971,1,M,160532
1971,2,F,138272
1971,2,M,145740
1971,3,F,150314
1971,3,M,157980
1971,4,F,138970
1971,4,M,147298
1971,5,F,138124
1971,5,M,146766
1971,6,F,139780
1971,6,M,145694
1971,7,F,147610
1971,7,M,157886
1971,8,F,152782
1971,8,M,160304
1971,9,F,152646
1971,9,M,158788
1971,10,F,148640
1971,10,M,154564
1971,11,F,137204
1971,11,M,144524
1971,12,F,139940
1971,12,M,146442
1972,1,F,135178
1972,1,M,141342
1972,2,F,128226
1972,2,M,134608
1972,3,F,133277
1972,3,M,140352
1972,4,F,124162
1972,4,M,130885
1972,5,F,131125
1972,5,M,139140
1972,6,F,126765
1972,6,M,133428
1972,7,F,135634
1972,7,M,142618
1972,8,F,139990
1972,8,M,148556
1972,9,F,138648
1972,9,M,144366
1972,10,F,134610
1972,10,M,141269
1972,11,F,129006
1972,11,M,135607
1972,12,F,135538
1972,12,M,141533
1973,1,F,130135
1973,1,M,136294
1973,2,F,117695
1973,2,M,123948
1973,3,F,131759
1973,3,M,137723
1973,4,F,120647
1973,4,M,127405
1973,5,F,124051
1973,5,M,131202
1973,6,F,123497
1973,6,M,131268
1973,7,F,134027
1973,7,M,141869
1973,8,F,137716
1973,8,M,144427
1973,9,F,133199
1973,9,M,138376
1973,10,F,129588
1973,10,M,136790
1973,11,F,122781
1973,11,M,129945
1973,12,F,127764
1973,12,M,133564
1974,1,F,125887
1974,1,M,132382
1974,2,F,115851
1974,2,M,121419
1974,3,F,125592
1974,3,M,133229
1974,4,F,120327
1974,4,M,126942
1974,5,F,125099
1974,5,M,132656
1974,6,F,121381
1974,6,M,129933
1974,7,F,136716
1974,7,M,143841
1974,8,F,140049
1974,8,M,147423
1974,9,F,138827
1974,9,M,145816
1974,10,F,136445
1974,10,M,144820
1974,11,F,126204
1974,11,M,132702
1974,12,F,130490
1974,12,M,136275
1975,1,F,126436
1975,1,M,133588
1975,2,F,116313
1975,2,M,122482
1975,3,F,127645
1975,3,M,134728
1975,4,F,122178
1975,4,M,129521
1975,5,F,127512
1975,5,M,134694
1975,6,F,124319
1975,6,M,132061
1975,7,F,136449
1975,7,M,144145
1975,8,F,137205
1975,8,M,143574
1975,9,F,133611
1975,9,M,140975
1975,10,F,131439
1975,10,M,137213
1975,11,F,122426
1975,11,M,128304
1975,12,F,129911
1975,12,M,136637
1976,1,F,125721
1976,1,M,132233
1976,2,F,118836
1976,2,M,124684
1976,3,F,126557
1976,3,M,132291
1976,4,F,119113
1976,4,M,125165
1976,5,F,123048
1976,5,M,129310
1976,6,F,124852
1976,6,M,132440
1976,7,F,135859
1976,7,M,142210
1976,8,F,137594
1976,8,M,145180
1976,9,F,137935
1976,9,M,145298
1976,10,F,136110
1976,10,M,142909
1976,11,F,128206
1976,11,M,135847
1976,12,F,133677
1976,12,M,141191
1977,1,F,132689
1977,1,M,139315
1977,2,F,123913
1977,2,M,129878
1977,3,F,137196
1977,3,M,144371
1977,4,F,127915
1977,4,M,134946
1977,5,F,133315
1977,5,M,141854
1977,6,F,132984
1977,6,M,140775
1977,7,F,141820
1977,7,M,149701
1977,8,F,146109
1977,8,M,153581
1977,9,F,143337
1977,9,M,149587
1977,10,F,139711
1977,10,M,146583
1977,11,F,131033
1977,11,M,138383
1977,12,F,133285
1977,12,M,139767
1978,1,F,132832
1978,1,M,138230
1978,2,F,121822
1978,2,M,128434
1978,3,F,135144
1978,3,M,141822
1978,4,F,123924
1978,4,M,131001
1978,5,F,131255
1978,5,M,139912
1978,6,F,131386
1978,6,M,139673
1978,7,F,143180
1978,7,M,151943
1978,8,F,147520
1978,8,M,155814
1978,9,F,143723
1978,9,M,150663
1978,10,F,142034
1978,10,M,147382
1978,11,F,133706
1978,11,M,141429
1978,12,F,139750
1978,12,M,145618
1979,1,F,138547
1979,1,M,146323
1979,2,F,127469
1979,2,M,133894
1979,3,F,140364
1979,3,M,148694
1979,4,F,132012
1979,4,M,139546
1979,5,F,140030
1979,5,M,147529
1979,6,F,137410
1979,6,M,145308
1979,7,F,151634
1979,7,M,160007
1979,8,F,155878
1979,8,M,162623
1979,9,F,150252
1979,9,M,156886
1979,10,F,148289
1979,10,M,156305
1979,11,F,141337
1979,11,M,147420
1979,12,F,142587
1979,12,M,149393
1980,1,F,142410
1980,1,M,150077
1980,2,F,136566
1980,2,M,143826
1980,3,F,144866
1980,3,M,152880
1980,4,F,139849
1980,4,M,147345
1980,5,F,143001
1980,5,M,151116
1980,6,F,142542
1980,6,M,150919
1980,7,F,157170
1980,7,M,165183
1980,8,F,157849
1980,8,M,165794
1980,9,F,156379
1980,9,M,164691
1980,10,F,152016
1980,10,M,159780
1980,11,F,141570
1980,11,M,148525
1980,12,F,148226
1980,12,M,155368
1981,1,F,143895
1981,1,M,151190
1981,2,F,134085
1981,2,M,139557
1981,3,F,147065
1981,3,M,155093
1981,4,F,139155
1981,4,M,146812
1981,5,F,144881
1981,5,M,151960
1981,6,F,144843
1981,6,M,153579
1981,7,F,158860
1981,7,M,167905
1981,8,F,161180
1981,8,M,169345
1981,9,F,156678
1981,9,M,163899
1981,10,F,151134
1981,10,M,158542
1981,11,F,141817
1981,11,M,149567
1981,12,F,148429
1981,12,M,156009
1982,1,F,146033
1982,1,M,152302
1982,2,F,135137
1982,2,M,142177
1982,3,F,149263
1982,3,M,156955
1982,4,F,142237
1982,4,M,149596
1982,5,F,149270
1982,5,M,157376
1982,6,F,150231
1982,6,M,158005
1982,7,F,160286
1982,7,M,168662
1982,8,F,160912
1982,8,M,168697
1982,9,F,159153
1982,9,M,167902
1982,10,F,153476
1982,10,M,160884
1982,11,F,144502
1982,11,M,151819
1982,12,F,146707
1982,12,M,153792
1983,1,F,145415
1983,1,M,152596
1983,2,F,135292
1983,2,M,141975
1983,3,F,151798
1983,3,M,159411
1983,4,F,142873
1983,4,M,151330
1983,5,F,147943
1983,5,M,155589
1983,6,F,147427
1983,6,M,156795
1983,7,F,154812
1983,7,M,163478
1983,8,F,158257
1983,8,M,166139
1983,9,F,153539
1983,9,M,161291
1983,10,F,149305
1983,10,M,156819
1983,11,F,142292
1983,11,M,148978
1983,12,F,146309
1983,12,M,153068
1984,1,F,142954
1984,1,M,149572
1984,2,F,137639
1984,2,M,144259
1984,3,F,148560
1984,3,M,155777
1984,4,F,139795
1984,4,M,146329
1984,5,F,145853
1984,5,M,153875
1984,6,F,144896
1984,6,M,154320
1984,7,F,158994
1984,7,M,166911
1984,8,F,163731
1984,8,M,171930
1984,9,F,159622
1984,9,M,167280
1984,10,F,157098
1984,10,M,164641
1984,11,F,144921
1984,11,M,152253
1984,12,F,147722
1984,12,M,154599
1985,1,F,148765
1985,1,M,155652
1985,2,F,137341
1985,2,M,144235
1985,3,F,152216
1985,3,M,158807
1985,4,F,146819
1985,4,M,155307
1985,5,F,154143
1985,5,M,163867
1985,6,F,150042
1985,6,M,158820
1985,7,F,162476
1985,7,M,171435
1985,8,F,164067
1985,8,M,172951
1985,9,F,161845
1985,9,M,169830
1985,10,F,157734
1985,10,M,165643
1985,11,F,147142
1985,11,M,154785
1985,12,F,152180
1985,12,M,158952
1986,1,F,149739
1986,1,M,156777
1986,2,F,137982
1986,2,M,144803
1986,3,F,152375
1986,3,M,160371
1986,4,F,148702
1986,4,M,155748
1986,5,F,154110
1986,5,M,162209
1986,6,F,149428
1986,6,M,158583
1986,7,F,163100
1986,7,M,171811
1986,8,F,162777
1986,8,M,171487
1986,9,F,163127
1986,9,M,171455
1986,10,F,155924
1986,10,M,163547
1986,11,F,143396
1986,11,M,150175
1986,12,F,153042
1986,12,M,160014
1987,1,F,149015
1987,1,M,156319
1987,2,F,138085
1987,2,M,145675
1987,3,F,155271
1987,3,M,162509
1987,4,F,149993
1987,4,M,158072
1987,5,F,156011
1987,5,M,164100
1987,6,F,156460
1987,6,M,164897
1987,7,F,163918
1987,7,M,172800
1987,8,F,162159
1987,8,M,169529
1987,9,F,163205
1987,9,M,171230
1987,10,F,159561
1987,10,M,167173
1987,11,F,149775
1987,11,M,156882
1987,12,F,156656
1987,12,M,163916
1988,1,F,151574
1988,1,M,158926
1988,2,F,146078
1988,2,M,152673
1988,3,F,157199
1988,3,M,165042
1988,4,F,150505
1988,4,M,158957
1988,5,F,158351
1988,5,M,167929
1988,6,F,160399
1988,6,M,168821
1988,7,F,169150
1988,7,M,177681
1988,8,F,173088
1988,8,M,181511
1988,9,F,169923
1988,9,M,177354
1988,10,F,162361
1988,10,M,169271
1988,11,F,153134
1988,11,M,161532
1988,12,F,157444
1988,12,M,164883
1989,1,F,156749
1989,1,M,164052
1989,2,F,146710
1989,2,M,154047
1989,3,F,165889
1989,3,M,174433
1989,4,F,155689
1989,4,M,163432
1989,5,F,163800
1989,5,M,172892
1989,6,F,165525
1989,6,M,173823
1989,7,F,174054
1989,7,M,183063
1989,8,F,178986
1989,8,M,188074
1989,9,F,174808
1989,9,M,182962
1989,10,F,168303
1989,10,M,176258
1989,11,F,159013
1989,11,M,166923
1989,12,F,164186
1989,12,M,172022
1990,1,F,163576
1990,1,M,172073
1990,2,F,153015
1990,2,M,159915
1990,3,F,171463
1990,3,M,179499
1990,4,F,164469
1990,4,M,172275
1990,5,F,173127
1990,5,M,181366
1990,6,F,168941
1990,6,M,178799
1990,7,F,179270
1990,7,M,188837
1990,8,F,181845
1990,8,M,191101
1990,9,F,175292
1990,9,M,183840
1990,10,F,172365
1990,10,M,181247
1990,11,F,163036
1990,11,M,170515
1990,12,F,164567
1990,12,M,172484
1991,1,F,164305
1991,1,M,171198
1991,2,F,151260
1991,2,M,158163
1991,3,F,167751
1991,3,M,176650
1991,4,F,163778
1991,4,M,172218
1991,5,F,172728
1991,5,M,180764
1991,6,F,163048
1991,6,M,171594
1991,7,F,177698
1991,7,M,185629
1991,8,F,179729
1991,8,M,187491
1991,9,F,174362
1991,9,M,181999
1991,10,F,171490
1991,10,M,177890
1991,11,F,158692
1991,11,M,165320
1991,12,F,166760
1991,12,M,174825
1992,1,F,162874
1992,1,M,171502
1992,2,F,154333
1992,2,M,161410
1992,3,F,165468
1992,3,M,174389
1992,4,F,162792
1992,4,M,170879
1992,5,F,167941
1992,5,M,176584
1992,6,F,165818
1992,6,M,174250
1992,7,F,175090
1992,7,M,184407
1992,8,F,171095
1992,8,M,178271
1992,9,F,169543
1992,9,M,178412
1992,10,F,167907
1992,10,M,176076
1992,11,F,157342
1992,11,M,164949
1992,12,F,164915
1992,12,M,173181
1993,1,F,157524
1993,1,M,165896
1993,2,F,148569
1993,2,M,156378
1993,3,F,167013
1993,3,M,175505
1993,4,F,159698
1993,4,M,167674
1993,5,F,163377
1993,5,M,172991
1993,6,F,163769
1993,6,M,171934
1993,7,F,171888
1993,7,M,181061
1993,8,F,171785
1993,8,M,179521
1993,9,F,170167
1993,9,M,178232
1993,10,F,162794
1993,10,M,170519
1993,11,F,154679
1993,11,M,162072
1993,12,F,162193
1993,12,M,169284
1994,1,F,157015
1994,1,M,163982
1994,2,F,147453
1994,2,M,154175
1994,3,F,165797
1994,3,M,174281
1994,4,F,154935
1994,4,M,162778
1994,5,F,160679
1994,5,M,169921
1994,6,F,160576
1994,6,M,169510
1994,7,F,168646
1994,7,M,177579
1994,8,F,172383
1994,8,M,180197
1994,9,F,166020
1994,9,M,173600
1994,10,F,162185
1994,10,M,168356
1994,11,F,156514
1994,11,M,163252
1994,12,F,160031
1994,12,M,167060
1995,1,F,154538
1995,1,M,161749
1995,2,F,144485
1995,2,M,150879
1995,3,F,160096
1995,3,M,168678
1995,4,F,150914
1995,4,M,158447
1995,5,F,162601
1995,5,M,172235
1995,6,F,160527
1995,6,M,169557
1995,7,F,166814
1995,7,M,174366
1995,8,F,171158
1995,8,M,179864
1995,9,F,165661
1995,9,M,173746
1995,10,F,162008
1995,10,M,168303
1995,11,F,151949
1995,11,M,159181
1995,12,F,154120
1995,12,M,161136
1996,1,F,153564
1996,1,M,161007
1996,2,F,147336
1996,2,M,154683
1996,3,F,157536
1996,3,M,165311
1996,4,F,152624
1996,4,M,160256
1996,5,F,158983
1996,5,M,167020
1996,6,F,155502
1996,6,M,163267
1996,7,F,168423
1996,7,M,177043
1996,8,F,169237
1996,8,M,177393
1996,9,F,165338
1996,9,M,171299
1996,10,F,164939
1996,10,M,171717
1996,11,F,151621
1996,11,M,158058
1996,12,F,157561
1996,12,M,165156
1997,1,F,155408
1997,1,M,162091
1997,2,F,142259
1997,2,M,149536
1997,3,F,157335
1997,3,M,164148
1997,4,F,153524
1997,4,M,160935
1997,5,F,161304
1997,5,M,169296
1997,6,F,156734
1997,6,M,165435
1997,7,F,169391
1997,7,M,177423
1997,8,F,165928
1997,8,M,173528
1997,9,F,162975
1997,9,M,170937
1997,10,F,160645
1997,10,M,168306
1997,11,F,150194
1997,11,M,157395
1997,12,F,161231
1997,12,M,168371
1998,1,F,155671
1998,1,M,163902
1998,2,F,146310
1998,2,M,152641
1998,3,F,161291
1998,3,M,168419
1998,4,F,156178
1998,4,M,163853
1998,5,F,161543
1998,5,M,169221
1998,6,F,159207
1998,6,M,168175
1998,7,F,170376
1998,7,M,178616
1998,8,F,168353
1998,8,M,176747
1998,9,F,168502
1998,9,M,175254
1998,10,F,162998
1998,10,M,170140
1998,11,F,153386
1998,11,M,160161
1998,12,F,163291
1998,12,M,170957
1999,1,F,156054
1999,1,M,163440
1999,2,F,145172
1999,2,M,152660
1999,3,F,162648
1999,3,M,170574
1999,4,F,154150
1999,4,M,163007
1999,5,F,160124
1999,5,M,168682
1999,6,F,162255
1999,6,M,170261
1999,7,F,170905
1999,7,M,179321
1999,8,F,171718
1999,8,M,180033
1999,9,F,170699
1999,9,M,179124
1999,10,F,163347
1999,10,M,170004
1999,11,F,154605
1999,11,M,161062
1999,12,F,162833
1999,12,M,170787
2000,1,F,161288
2000,1,M,169225
2000,2,F,154694
2000,2,M,162997
2000,3,F,166124
2000,3,M,174808
2000,4,F,155038
2000,4,M,162495
2000,5,F,166443
2000,5,M,175161
2000,6,F,166358
2000,6,M,175247
2000,7,F,170327
2000,7,M,179102
2000,8,F,176508
2000,8,M,184030
2000,9,F,170411
2000,9,M,177693
2000,10,F,168039
2000,10,M,176350
2000,11,F,164086
2000,11,M,170206
2000,12,F,164939
2000,12,M,172254
2001,1,F,164404
2001,1,M,171208
2001,2,F,148640
2001,2,M,155259
2001,3,F,165359
2001,3,M,173729
2001,4,F,158235
2001,4,M,165804
2001,5,F,167878
2001,5,M,176615
2001,6,F,161947
2001,6,M,169590
2001,7,F,172082
2001,7,M,179504
2001,8,F,177031
2001,8,M,185351
2001,9,F,167748
2001,9,M,175338
2001,10,F,168515
2001,10,M,176084
2001,11,F,158581
2001,11,M,165633
2001,12,F,160350
2001,12,M,166646
2002,1,F,161477
2002,1,M,169612
2002,2,F,148745
2002,2,M,155627
2002,3,F,162351
2002,3,M,169543
2002,4,F,158674
2002,4,M,166175
2002,5,F,165530
2002,5,M,173925
2002,6,F,159792
2002,6,M,168261
2002,7,F,175085
2002,7,M,183135
2002,8,F,175501
2002,8,M,184444
2002,9,F,170451
2002,9,M,178945
2002,10,F,169482
2002,10,M,176842
2002,11,F,155849
2002,11,M,163200
2002,12,F,163582
2002,12,M,171148
2003,1,F,161200
2003,1,M,169104
2003,2,F,150278
2003,2,M,157384
2003,3,F,164318
2003,3,M,173100
2003,4,F,161431
2003,4,M,169158
2003,5,F,169450
2003,5,M,177775
2003,6,F,164323
2003,6,M,173621
2003,7,F,177755
2003,7,M,187045
2003,8,F,175697
2003,8,M,184986
2003,9,F,176270
2003,9,M,183928
2003,10,F,173659
2003,10,M,180924
2003,11,F,156860
2003,11,M,163757
2003,12,F,168146
2003,12,M,175923
2004,1,F,162630
2004,1,M,170778
2004,2,F,154712
2004,2,M,161598
2004,3,F,168958
2004,3,M,177896
2004,4,F,162918
2004,4,M,170940
2004,5,F,164266
2004,5,M,173902
2004,6,F,169006
2004,6,M,176392
2004,7,F,175457
2004,7,M,184593
2004,8,F,173980
2004,8,M,182095
2004,9,F,173996
2004,9,M,182707
2004,10,F,170816
2004,10,M,178294
2004,11,F,164364
2004,11,M,171945
2004,12,F,169607
2004,12,M,177057
2005,1,F,162360
2005,1,M,169670
2005,2,F,151342
2005,2,M,158754
2005,3,F,170000
2005,3,M,179881
2005,4,F,161982
2005,4,M,171045
2005,5,F,168949
2005,5,M,177881
2005,6,F,171467
2005,6,M,179979
2005,7,F,174639
2005,7,M,183061
2005,8,F,180446
2005,8,M,189599
2005,9,F,177973
2005,9,M,186141
2005,10,F,168795
2005,10,M,176498
2005,11,F,164606
2005,11,M,171703
2005,12,F,170333
2005,12,M,178515
2006,1,F,166706
2006,1,M,174193
2006,2,F,156281
2006,2,M,163564
2006,3,F,173924
2006,3,M,183436
2006,4,F,161054
2006,4,M,169341
2006,5,F,173374
2006,5,M,182689
2006,6,F,175037
2006,6,M,183860
2006,7,F,179507
2006,7,M,189126
2006,8,F,189539
2006,8,M,198942
2006,9,F,183523
2006,9,M,191866
2006,10,F,179938
2006,10,M,188122
2006,11,F,171819
2006,11,M,180670
2006,12,F,174255
2006,12,M,182459
2007,1,F,173771
2007,1,M,181789
2007,2,F,159887
2007,2,M,167507
2007,3,F,176426
2007,3,M,184984
2007,4,F,165121
2007,4,M,173674
2007,5,F,176902
2007,5,M,186016
2007,6,F,174757
2007,6,M,184468
2007,7,F,185221
2007,7,M,195135
2007,8,F,191495
2007,8,M,199622
2007,9,F,180098
2007,9,M,187526
2007,10,F,180912
2007,10,M,189157
2007,11,F,173513
2007,11,M,180814
2007,12,F,173787
2007,12,M,181426
2008,1,F,174255
2008,1,M,182789
2008,2,F,165669
2008,2,M,173434
2008,3,F,172053
2008,3,M,179129
2008,4,F,169585
2008,4,M,177399
2008,5,F,173141
2008,5,M,182294
2008,6,F,169958
2008,6,M,179267
2008,7,F,183391
2008,7,M,192714
2008,8,F,182713
2008,8,M,191315
2008,9,F,179696
2008,9,M,188964
2008,10,F,175314
2008,10,M,183219
2008,11,F,158939
2008,11,M,165468
2008,12,F,173215
2008,12,M,181235
